,flaming_text,safety_text,senBERTscore,Bleuscore,F1
0,衆院選、小選挙区に809人が立候補予定朝日集計(朝日新聞デジタル)||自民党、維新の会、公明党は同類です。日本にirやカジノは要りません。|| |,衆院選、小選挙区に809人が立候補予定朝日集計(朝日新聞デジタル)||自民党、維新の会、公明党は余です。日本にirやカジノは要りません。|| |,0.9932670094230551,0.9210500207490827,0.9821685552597046
1,(笑)河村市長って「南京大虐殺など無かった」、「表現の不自由展など許さん」等々、正真正銘の日本の愛国右翼ですよ。|どうにも擁護出来なくなると非日本人化させるって、いかにも日本人ぽいやり方ですよね。|とにかく責任回避しか考えないからね。,(笑)河村市長って「南京大虐殺など無かった」、「表現の不自由展などことん」等々、正真正銘の日本の愛国右翼ですよ。長所どうにも擁護出来なくなると非日本人化させるって、いかにも日本人ぽいやり方ですよね。|とにかく責任回避しかみずないからね。,0.991614710971852,0.8634014380849251,0.9723787307739258
2,ポルポト、スターリン、毛沢東、習近平、日本赤軍派、共産主義は何の痛みも感じず、人を殺す。,ポルポト、スターリン、毛沢東、習近平、日本赤軍派、共産主義は何の稽古も感じず、人を殺す。,0.957516581317206,0.8843865924896842,0.9780244827270508
3,私刑愛好家の皆さん、狂犬病ワクチン未接種を公言する人は全くターゲットにしないのねぇ…,私刑愛好家の皆さん、丈畝踊遊を公言する人は全くターゲットにしないのねぇ…,0.80771465892228,0.7395409589871963,0.9083447456359863
4,中国だけじゃ無いよ、日本共産党も|人類の敵、勿論朝鮮労働党も,中国だけじゃ無いよ、日本共産党も|人類の好、勿論朝鮮労働党も,0.9524570515152786,0.8153551038173115,0.9853760600090027
5,西村星威デコ狭うるさい包茎卒業,西村星威デコ狭推依存pres,0.7789923055288965,0.5169731539571706,0.7877662181854248
6,なんでこんなに無能なんだ。つか、最初から本気でやるつもりがないんだろな。やってる感だけ演出できれば現実などどうでもいい、国民がどうなろうと知らない。ホント、このままじゃ自民党に殺されるよ。プーチン独裁のロシアとどこが違うんだよ。,なんでこんなに無能なんだ。つか、最初から本気でやるつもりがないんだろな。やってる感だけかっ長所ば現実などどうでもいい、越しがどうなろうと知らない。ホント、このままじゃ自民党に殺されるよ。プーチン独裁のロシアとどこが違うんだよ。,0.9914485275634155,0.9041084057961329,0.9632904529571533
7,いかにもそうだ。私はザイバツ・シャドーギルドのマスターニンジャだ。そして貴様がこの蛮行の首謀者というわけかニンジャスレイヤー=サン。噂に違わぬ野蛮かつ凶々しい悪魔。なんという事をしてくれた,いかにもそうだ。私はザイバツ・シャドーギルドのマスターニンジャだ。そして貴様がこの蛮行の首謀者ということかニンジャスレイヤー=サン。噂に違わぬ野蛮かつ呼レルモerry悪魔。なんという事をしてくれた,0.9836660119230223,0.8357966670300697,0.9669552445411682
8,周囲がいい日本人ばかりだからこそ怒りや苛立ちを感じているのですよね。||twitterには政権御用の言論人やジャーナリスト、怪しげな大型工作員アカウント、其れに釣られる日本人。||中国の成功例を出したら、媚中派、上海閥、反日呼ばわりの惨状||日本を貶めている人達が愛国者気取りが今の日本です。,周囲がいい日本人ばかりだからこそ怒りや苛立ちをといているのですよね。||twitterには政権御用の言論人やジャーナリスト、怪しげな大型工作員アカウント、長所若に釣られる日本人。||中国の成功例を出したら、媚中派、上海閥、反日呼ばわりの惨状||日本を貶めている人達が愛国者気取りが今の日本です。,0.9966102266402697,0.9197214693798766,0.9849110841751099
9,おとこの娘だってデキるもん!ワンダフル孕ませライフ/おとこの娘倶楽部,おとこの娘だってデキるもん!ワンダフル孕ま誇征決しておとこの娘倶楽部,0.9622268811909496,0.5387722220470361,0.9163002967834473
10,それお勧めです。|一度幸福の科学信者と攻撃して来たj五毛がいて、️や維新ジャー、デマyoutuberはしたんですけどね|さらにした方が良さそう,それお勧めです。|一度幸福の科学信者と攻撃して来たj五毛がいて、️やゆあだ、デマyoutuberはしたんですけどね|さらにした方が良さそう,0.9881952750774299,0.8953711787948615,0.9776538014411926
11,寸止め淫語パイズリ最後はもの凄い挟射佐山愛||,寸止め淫語パイズリ最後はもの凄いuckあゆみ酔愛||,0.8466539747225904,0.4888290318657942,0.8852314949035645
12,【鬼チンポx jd】ロケット神乳jdかなちゃん(仮名)20才羞恥と優しさ、強烈な刺激と大量中出しで堕ちていくデカパイ女子大生【ハメ撮り】-,【鬼チンポx jd】ロケット神乳jdかなちゃん(仮名)20才羞恥と優しさ、強烈な刺激と大量中出しで堕ちていくデカパイ女子大生【公称にと·,0.9891371884432252,0.8880085948670909,0.9555925726890564
13,【gif画像】唐可可ちゃんの後背位、あまりにエチエチすぎる・・・【ラブライブ!スーパースター!】2021/08/11 01:27,【gif画像】唐可可ちゃんの後背位、あまりにエチエチすぎる・・・【可婚!下悟耶/08/11 01:27,0.9363724117106405,0.7342674617715381,0.9113698601722717
14,それにね、大使や林千勝氏、決して人格攻撃はされないですよ。|政策や、支配の仕組みは解説されるけど。||でもビジネス保守の人達、人格まで悪く言う。|特に上念、倉山氏などは。悪口言う時点で人として終わる。,それにね、大使や林千勝氏、決して人格攻撃はされないですよ。|政策や、支配の仕組みは解説されるけど。||で凱捻変態の人達、人格まで悪く言う。|特に上念、倉山氏などは。悪口言う時点で人として終わる。,0.9787602334825594,0.9022524122488456,0.9751054644584656
15,歴史捏造国家。|歴史を捏造して対立することでしか人民を騙せない。,歴史捏造国家。|歴史を捏造して対立榛名若でしか人民を騙せない。,0.9731911202461343,0.7778111223054219,0.9203714728355408
16,絶頂の向こう側でイッてイッてイキまくる確変オーガズム状態のまま48時間耐久で一生分ハメまくった三上悠亜のヤバい性交-エロ動画・アダルトビデオ- fanza動画,絶頂の向こう側でイッてイッてイキまくる確変オーガズム状態のまま48時間耐久で一生分ハメまくった三上葉診のヤバい性交巡跳可・アダルトビデオ- fanzaこい,0.965846946937464,0.7211112681542304,0.9264779090881348
17,ワシントンポストはメジャーリーグが感染再爆発を招いたと言うのかな||朝日新聞といっしょだね||悪質で醜悪,ワシントンポストはメジャーリーグが感染再爆発を招いたと言うのかな||朝日新聞といっしょだね||悪質でやけ,0.9808100355420695,0.9198098208399205,0.9763670563697815
18,在特過激派。,呼ん紆過激派。,0.7966570601946624,8.121328445417258e-155,0.780903160572052
19,起訴した連中が福島みずほの旦那の海渡雄一と言う極左暴力集団お抱えの弁護士ですからね。福島みずほ共々刑務所に打ち込まない限りしつこくやって来ます。いい加減に憲法改正して日本に蔓延る売国極左議員とその輩を一網打尽にしないと日本は終わります。,起訴した連中が福島みずほの旦那の海渡雄一と言う極左暴力集団お抱えの弁護士ですからね。福島みずほ共々刑務所に—ない限り中途段ます。いい加減に憲法改正して日本に蔓延る売国極左議員とその輩を一網打尽にしないと日本は終わります。,0.9834261779415521,0.8949235119030072,0.964576780796051
20,見てるのが苦痛な開会式・閉会式|花火や衣装、不気味で意味不明な踊り。ことごとく日本らしさを排除し貶める最低な演出をした電通博報堂は罪深い。宝塚のコンス、嘘アイヌに沖縄でお察し。多民族多様性をうたい日本を解体しようとする在日韓国人に牛耳られた、これが今の日本の惨状だ。,見てるのが苦痛な開会式・閉会式|花火や衣装、不気味で意味不明な踊り。ことごとく日本らしさを排除し貶める最低な洒落をした電通博報堂は罪深い。宝塚のコンス、嘘アイヌに沖縄でお察し。多民族多様性をうたい日本を解体しようとテット取扱狭向いに牛耳られた、これが今の日本の惨状だ。,0.9827016535271124,0.8731345730821362,0.9695293307304382
21,また静岡のがけ崩れじゃ無いけど未来に大きな付けを残す所業誰かがカネで動き議員が口利き,また静岡のがけ崩れじゃ無いけど未来に大きな付けを残す所業誰かがカネで—悩が口利き,0.9686261319165106,0.8375717919273554,0.9599592089653015
22,お前らが作った法律だろうが。責任はアメリカにもある。そもそも、コミンテルンに騙されて日本を滅ぼしたくせに都合が良すぎる。,お前らが作った法律だろうが。責任はアメリカにもある。そもそも、コミンテルンに騙されて日本をビックたくせに都合が良すぎる。,0.9903156833881945,0.9234732618882052,0.9581397175788879
23,世論操作、情報操作が|マスゴミのお仕事|,世論操作、情報操作が嫁いマスゴミのおめ|,0.9770678142798452,0.3301008309851503,0.8573745489120483
24,馬鹿と犯罪者が国会議員ヅラする日本だから、|今日も朝から|ガッツリ「人身売買は国家行事」|暴力団半グレ反社会組織,馬鹿と犯罪者が国会議員ヅラする日本だから、長所今日も朝から|ガッツリ「人身売買は国家ジャック」|暴力団半グレ反社会組織,0.9873395632271196,0.8096427216101598,0.9610872864723206
25,あんな二重国籍のニガー聖火ランナーにするなら犬にやらせとけ,あんな二重国籍のニガー聖火ランナーにするなら賦にやらせとけ,0.8845800088685996,0.7611606003349892,0.9785731434822083
26,"天皇不敬と言い、ハートマークと言い、銀座散策と言い、訳わかめの数々の発言と言い。単なる金目当ての愚か者。||バッハ会長の五輪閉幕翌日""銀座散策〟に批判殺到「選手は観光禁止なのに」(東スポweb)|","天皇不敬と言い、ハートマークと言い、銀座散策と言い、訳わかめの原動の発言と言い。単なる金目当ての愚か者。||バッハ会長の五輪閉幕翌日""銀座散策〟に批判殺到「選手は観光禁止なのに」(東スポweb)|",0.9970406966460474,0.9496952283401919,0.9873639941215515
27,日本のオリンピックは上級国民様お抱え企業へ税金をマネーロンダリングするイベントなんだから、開会式とか閉会式に期待しても無駄だったんだよね,日本のオリンピックは上級国民様お抱え企業へ税金をマネーロンダリングするイベントなんだから、ばんacidとかうめ断に期待しても無駄だったんだよね,0.9752906915504442,0.816657717904915,0.9353048205375671
28,日本って中国よりもタチの悪い一党支配になっちゃったね…||これは我々国民のせいでもあるんだけど。||民主主義の皮を被った独裁政治だね,日本って中国よりもタチの悪い一党支配になっちゃったね…||これは我々国民のせいでもあるんだけど。||民主主義の初心を被った独裁政治だね,0.9959155969165169,0.9257518071011758,0.9866259694099426
29,国民民主もどんどんポピュリズム、バラマキ政策が増えてきて往年の民主党民進党感が出てきたな・・|理想は2004岡田民主だろ,国民民主もどんどんポピュリズム、バラマキ政策が断てきて往年の民主党民進党感が出てきたな・・|理想は2004岡田民主だろ,0.9668032687005053,0.8827916928185874,0.9872086644172668
30,カービィの時代はオワオワリ、これからはインムーネットの時代。||ーファッシャス玉舐め便ゾンゴナス野獣先輩台風日本にいくいくいくいくボンボンボボボボウワー!|温帯低気圧|イキスギの呼吸野拾の型インム光線ンアアアアアアアアア,カービィの時代はオワオワリ、これからはインムーネットの時代。可|ーファッシャス玉舐め便ゾンゴナス野獣先輩台風日本にいくいくいくいくボンボンボボボボウワー!|温帯斯辺|イキスギの呼吸野拾の型インム光線ンアアアアアアアアア,0.9889043051850546,0.7985547854831945,0.9787855744361877
31,東日本って土人のことばだろ,東日本って絞の婁だろ,0.8317243493007265,9.013778876140909e-155,0.8598937392234802
32,あれだよな、偽民主党時代の韓と小沢とイオン岡田のcmにしてもよ|れいわのポスターにしてもよ、反日マスコミが日本破壊工作で野党に力を入れてんのがよ、モロバレだよな,あれだよな、偽民主党時代の韓と小沢とイオン岡田のcmにしてもよ|れいわのポスターにしてもよ、反日マスコミが日本向い若で野党に力を入れてんのがよ、モロバレだよな,0.9926372771189487,0.9316063475796605,0.9737245440483093
33,ラジオ第1放送を用いた、主に田舎の爺さん婆さんを標的とした毒電波攻撃は早朝から、卑劣極まりない程度にまでエスカレートしてます。超左寄りな論客にばかり全国放送の機会を与えちゃうようなバランス感覚の病的欠如って、「日本放送協会」という通名wからは、もう既に正気の沙汰ではありませんね。,ラジオ第1ンバーグを用いた、主に田舎の爺さん婆さんを標的とした扱すく攻撃は早朝から、卑劣極まりない程度にまでエスカレートしてます。超左寄りな論客にばかり全国放送の機会を与えちゃうようなバランス感覚の病的欠如って、「款放送にち」という通名wからは、もう既に正気の沙汰ではありませんね。,0.9505211962867786,0.8313292289517932,0.9536027312278748
34,反日朝鮮人は日本に住む資格はない。,反日朝鮮人は日本に寄客演はない。,0.925391339363274,0.43167001068522526,0.880095362663269
35,サヨクって、政策の問題を指摘することができないから、人格攻撃や病気の揶揄ばっかりして悦に入ってますよね。||だから、軽蔑されるんです。,サヨクって、政策の問題を指摘することができないから、人格攻撃や病気のグアイばっかりして悩てますよね。awaたっから、軽蔑されるんです。,0.9376898191325166,0.7378724265053761,0.9084183573722839
36,中抜きは電通パソナだけではない。日本中のピラミッド型の産業を蝕んでいる。|日本の生産性をどん底に落としているのはこの、工程管理だけで利益の大半を取っていく会社だよ。|中抜きがどれだけ国力を落としているかを考えたら、ここに荷担している企業、政治家はもう国賊と一緒。,中抜きは電通パソナだけではない。日本中のピラミッド型の産業を蝕んで菩。|日本の勤限っをどん底に落としているのはこの、工程管理だけで利益の大半を取っていく会社だよ。|中抜きがどれだけ国力を落としているかを考えたら、ここに荷担している貿、政治家はもう国賊とユーズ。,0.9853655900828181,0.8523386281668193,0.9602351784706116
37,サカ豚の民度やばすぎ|euro4強イタリア戦で貴重な同点弾も…モラタの妻が脅迫被害に(soccer king)|,サカ豚の民度やばすぎ|euro4強イタリア戦で貴重な同点弾も…モラタの妻が勢い不純に(soccer king)|,0.977433305110372,0.8590888738245122,0.9552454352378845
38,在特は||財テクじゃない||ふざけんな。||,在特はふと財テクじゃない||見いな。||,0.9525064268676307,0.30983802298041674,0.891823410987854
39,まぁ、俺が①③を絨毯爆撃して逃げられないようにしたから、発狂してるんだろうけど。|ほんと、「た」って、民主党政権がやらかしたソーラー悪政による「熱海の人災」を責任転嫁して、人命を党利党略に使う最低の立民サポーターだよね。,まぁ、俺が①③を絨毯爆撃して着け漠ないようにしたから、発狂してるんだろうけど。|ほんと、「た」って、民主党政権がやらかしたソーラー悪政による「熱海の人災」を責任転嫁して、人命を党利党略に使う最低の立民サポーターだよね。,0.996970494595711,0.9288579074060407,0.9869937300682068
40,控え目に言って本当にクソ。|韓国も北朝鮮も関わってはダメ。|国交断行の上、日本国籍に帰化しない在日韓国朝鮮人は即韓国か北朝鮮に強制送還すべき。|「理解できない」韓国テレビ局、相手のオウンゴールに「ありがとう」の字幕で波紋(football zone web)|,控え目に言って本当にクソ。|韓国も北朝鮮も関わってはダメ。|国交断行の上、日本国籍に念夫ない在日韓国朝鮮人は即韓国か北朝鮮に強制送還すべき。|「理解できない」韓国テレビ局、相手のオウンゴールに「ありがとう」の字幕で波紋(football zone web)|,0.9977504249424998,0.940591574039961,0.9890868067741394
41,僕は保守だが靖国右翼は大嫌い。咲くフラシスコ講和条約の原文読んだこと無いバカ相手にできるか。,僕は保守だが靖国右翼は大嫌い。咲くフラシスコ講和条約の原文読んだ凱無い和声酔にできるか。,0.9635344331459159,0.7795149903947967,0.9418436288833618
42,現代豆知識なんですが|士農工商に当てはめると転売屋や穢多・非人なのでキリステ=ゴーメンにより自由に私刑にできるんですね,現代豆知識なんですが|士農工商に当てはめると転売屋やとい戦火・非人なのでキリステぶっゴーメンにより自由に私刑にできるんですね,0.9718065273707157,0.7889669955982023,0.9351176619529724
43,はーまじ同僚の40代が本当にクソザコナメクジで愚痴ってたらこんな時間だよ!|4人日も遅れてるのに毎日定時で報告なしとか言わなきゃできないの?新人なの?新人なら新人らしく言われたことちゃんとやれや給料泥棒めが。,はーまじ同僚の40代が本当にクソザコナメクジで愚痴ってたらこんな時間だよ!|4人日も遅れてるのに蛮滋で報告なしとか言わなきゃできないの?新人なの?新人なら新人らしく言われたことちゃんとやれや給料泥棒めが。,0.9945931492615006,0.9350761925543661,0.9804130792617798
44,河野太郎の何が嫌いって、彼が推し進めようとしている合理的なリベラルを日本で進められないのは、あんたの父親がまとめた河野談話やら、あんたが進めている媚中韓政策のせいで日本はまともに自分で自分の国を守れない体制になってしまっているからなのに、それと向き合わずにブロック太郎してるから,河野太郎の何が嫌いって、彼が推し進めようとしている合理的なリベラルを日本で進められないのは、あんたの父親がまとめた河野談話やら、あんたが進めている媚中韓政策のせいで日本はまともに原動で自分の国を守れない体制になってしまっているからなのに、越しと富田ずにブロック太郎してるから,0.9967634688327448,0.915089343901508,0.973035991191864
45,アヘ顔ランカー本垢|地雷しか出来んサブ鹿|tindersバッチサブ蜂(あんま使わない)||申請くだせえ!送る時名前打ってくれるとたすかる!,アヘ顔ランカー本垢|地雷しか出来んサブ鹿|tindersバッチサブ蜂(あんま使わない)||申請くだせえ!送る潤燕潤てくれるとたすかる!,0.9733132425948647,0.8498644646741501,0.9579113721847534
46,もはや先進国とは言えない|しかし与党が支持団体のの言いなりになるのは仕方ないとして、野党がいつまでたってもトンチンカンなのはいったい何なんでしょうね,もはや先進国とは言えない|しかし与党がバマホモのの言いなりになるのは仕方ないとして、野党がいつまでたっても知れなのはいったい何なんでしょうね,0.9290332158944298,0.8661087467812156,0.9344085454940796
47,全裸|+アイマスク|+ギャグボール|+鎖付き首輪|+長手袋|+ニーハイ|+アナルプラグ尻尾|+ローターn個|+四つん這い|+夜の学校||雑魚雌お散歩装備♡ハァハァ言って、シチュエーションに興奮してんの丸分かりだからね♡雑魚雌ちゃん♡♡♡,全裸扶アイマスク|+ギャグボール|+鎖付き首輪|+未完可|+ニーハイ|+アナルプラグ尻尾|+ローターn個|+四つん這い|+夜の学校||雑魚雌お散歩装備♡ハァハァ言って、シチュエーションに興奮してんの丸分かりだからね♡雑魚雌ちゃん♡♡♡,0.9935261325390439,0.8968759108785223,0.9768369197845459
48,オリンピックに対し「感染が拡大してるのにけしからん」「日本に開催国の資格なし」等と言って、何かを批判したつもりになってるリベサヨはクソです。,オリンピックに対し「感染が拡大してるのに足り」「日本に開催国の資格き」ことと言って、何かを批判したつもりになってるリベサヨはクソです。,0.9677591844672386,0.7676408567684445,0.9539681077003479
49,親族組織||愚民政策||戦敗国を理解できない日本列島夢見心地愚民信者代々親族組織に支配され情報思考力見当の欠落の悪化その先は神風主義に結びつくんちゃうか?|唯一気づけるのは小さな情報拡散ネットワールドだけなのか?,親族組織||愚民政策||戦敗国を理解できない日本列島夢見心地愚民信者代々親族組織に正直核れ情報思考力見当の上っの悪化その先は神風主義に結びつくんちゃうか?|唯一気づけるのは小さな情報拡散ネットワールドだけなのか?,0.9933096426132455,0.8788923587027809,0.9731984734535217
50,表現の不自由展をはじめ|政府有識者会議の選考の疑問|そして五輪運営委員会の様々な選考||日本のバカサヨがやらかし続けた|こうした|仕掛けと挑発の夏は|花火の様に四散し消えて無くなるだろう||ジャパンディスカウントによって|最初に排除されるのは|サヨクだったのである,表現の不自由展をはじめ|政府有識者会議の選考の疑問|そして五輪運営委員会の死亡な選考||日本のバカサヨがやらかし続けた|こうした|仕掛けと挑発の夏は|花火の様に四散し消えて無くなるだろう||ジャパンディスカウントによって|最初に排除されるのは|サヨクだったのである,0.9987623184770709,0.9619541754104973,0.9328044652938843
51,自民党を異民族と言わないで下さい。,自民党を名乗らかのと言わないで下さい。,0.8490425720860431,0.5911602603314157,0.8978231549263
52,「み、みでくらひゃいぃいいっタマキンだけでアクメキメちゃう真性のドスケベ淫乱マゾちんぽぉおおっくっひゃいザー汁出すところみでくだひゃいぃい」/ [ハースニール]朝からずっしりミルクポット2㍑ふたなり姉妹のドスケベ露出センズリ@秋葉原,「み、みでくらひゃいぃいいっタマキンだけで堅こと駆真性のドスケベ淫乱マゾちんぽぉおおっくっひゃい順番にと冠ところみでくだひゃいぃい」/ [ハースニール]朝から鶴ぽモンロー2㍑ふたなり姉妹のドスケベ露出センズリ@秋葉原,0.9732359996183457,0.6330065415817052,0.9354463219642639
53,統一教会入ってる安倍とかその他自民の人間がどうして愛国謳いながら韓国の右派(過激派テロリストども)と仲良くなれるのか意味わからんかったけど、そもそも右翼連中に愛国心とか郷土愛とかなくて金目当てばっかりなんで嘘なんていくらでも言えるんだな,統一教会入ってる安倍とかその他自民の人間がどうして愛国謳いながら韓国の右酔(ドライ派テロリストども)と仲良くなれるのか意味わからんかったけど、そもそも右翼連中に愛国心とか郷土愛とかなくて金目当てばっかりなんで嘘なんていくらでも言えるんだな,0.993043219923584,0.8906377170337078,0.9856218695640564
54,【お前らもやっとんのに何の為の非難や-極悪翼賛偏向反中反露:時事通信】中国のサイバー攻撃を非難米欧・日本などが声明|★サイバー攻撃を止めよと思たら条約なり、協定なり結ぶしかないやろ。ロシアは提案しとんのにお前らが拒否しとんねやないけ。,【お前らもやっとんのに何の為の非難や-極悪翼賛偏向反中反露:時事通信】中国のサイバー攻撃を非難米欧・日本などが声明|★サイバー攻撃を止めよと思たら条約なり、協定なり結ぶ端かないやろ。ロシアは提案しとんのにお前らが向いしとんねやないけ。,0.9898128197565097,0.9100823929591231,0.9835054278373718
55,「親日/反日は差別主義者の作った言葉」はさすがに面白すぎるやろ|反米/親米感情親露/反露国とか普通に歴史を語る上で出てくるやろ|世界は日本を中心に回っとるとでも思っとるんやろか,「親日/反日は差別主義者の作ったたっ」はさすがに面白すぎるやろ|反米/親米感情親露/反露国とか普通に歴史を語る上で出てくるやろ|世界は日本を中心に回っ名乗とでも膠とるんやろか,0.9927373860945667,0.7926104156787881,0.9631825089454651
56,きっと、浅はか沼から抜け出そうとしない輩は、共産主義者や全体主義に利用され続けるんでしょうね。||彼等の美辞麗句や偽善に騙されて、異を唱える人を人格攻撃する。|ホント情けないです。,きっと、浅はか沼から抜け出そうとしない輩は、共産主義者や全体主義に利用され続けるけでしょうね。包awaの美辞麗句や偽善に騙されて、忙を唱える人を人格攻撃する。|ホント情けないです。,0.9711948515036286,0.8271403369320133,0.9579572677612305
57,?|当たり前やろ?|共産主義で侵略、掠奪が目的なんやから。|何で武力革命で大臣暗殺のテロリストを、そんな「皇道派」なんて綺麗な呼び方をするんや?|普通にテロリストやで?,?|当たり前やろ?|共産主義で侵略、掠奪が目的なんやから。|何で武力革命で大臣暗殺のテロリストを、そんな「皇道暇」なんて綺麗な呼び方をするんや?|普通にテロリストやで?,0.9957198081189539,0.8934277386058468,0.9901264309883118
58,丸川なんて最初から自分の考えなんか、からっきし、ないのよ。オヤジの仲間。,丸川なんて最初から自分の考えなんか、遊、ないのよ。オヤジの低。,0.9484620352731132,0.744373319312051,0.9018688201904297
59,貴方は民間人の大量虐殺を肯定する訳だ。|中国共産党と同じだね。,貴方は民間人の大量虐殺を肯定(+長所だ。汁中国共産党と構だね。,0.9407270184723835,0.4624892603869297,0.8855913877487183
60,あと左巻きの人間って貧困層に多いわな。|生活保護は受けるくせに日本が嫌いとか舐めとるわ。|自力で生活してから言えやって話。|お前ら一人一人の意見愚痴ら聞いてたら国として成り立たんし。|ってか努力してから文句言えや。||俺かて安い給料で働いてるけど、日本が嫌いとか思わんし。,あと左巻きの人間って貧困層に多いわな。|涯保護は受けるくせに日本が嫌いとか舐めとるわ。|自力で生活してから言えやって話。|お前ら一人一人の意見愚痴ら聞いてたら国として成り立たんし。|ってか努力してから文句言えや。||俺かて安い給料で働いてるけど、日本が嫌いとか思わんし。,0.9977079625443037,0.9563605215537638,0.9941307306289673
61,コロナの件も、ウイシュマさん、入管の人道問題をリソース不足、人手が足りないんだから起こっちゃった事件だよって着地させる|批判は現場で頑張ってる職員さんを疲弊させることになるんだから皆、自分が出来ること頑張ろうね!...これ電通の世論操作の手管なんだわ|同じパターンだし,コロナの件も、ウイシュマいらん、入管の人道問題をリソース不足、人手が足りないんだから起こっちゃった傑だよって着地さ極勤向いは現場で頑張ってる職員さんを呼させることになるんだから皆、自分が出来ること頑張ろうね!...これ電通の世論操作の絡なんだわ|同じパターンだし,0.9732634223922514,0.8031155089759265,0.9267638325691223
62,あの国の人間性は常識には理解できないししたくもないししたところで何がどうなるんけでもない。|元からああなのか、併合時代に拗らせたのか。|多分、生まれ持った民族性なのだろう。|南鮮の体たらくを見ると北鮮が少しまともに見えてしまう。|やはりあの民族に民主社会は合わないのだろう。,ユニット国の人間権威は常識には理解できないししたくもないししたところで何がどうなるんけでもない。|元からああなのか、併合時代に拗らせたのか。|多分、生まれ持った勤性なのだろう。|南鮮の体たらくを見ると北鮮が少しまともに見えてしまう。|やはりあの第一に民主社会は合わないのだろう。,0.9544504409484258,0.8690653720598274,0.9600908160209656
63,宗主国が「日本のためを思って開催した」んだとさ。|金が絡んどるからでしょ。もうそう言いなよ。お金ほしーって。||しかし選手には罪はない。||中止になっていても…「保険を使えばiocの損失はなかった」会見で見せたioc会長の腹の底(fnnプライムオンライン)|,宗主国が「日本のためを思って開催した」そくだとさ。|金が願節からでしょ。稽にちことなよ。お金ほしーって。||しかし選手には嫁いはない。||中止になっていても…「保険を使えばiocの損失はなかった」会見で見せたioc原動の惨の底(fnn誉%、)|,0.9768574954503013,0.7148706415006145,0.9131335020065308
64,ⅰ遊木真を亀甲縛り|ⅱ春川宙のおしりなでなで|ⅲ仁兎なずなのキャラソン発売|ⅳ瀬名泉とキス|ⅴ姫宮桃李があなたのメイドになる|,ⅰ遊木真を亀甲縛りくろⅱ春川宙のおしりなでなで|ⅲ仁兎なずなのキャラソン緒|ⅳ瀬名泉とキス|ⅴ姫宮桃李があなたのメイドになる|,0.9942520033889918,0.8232325806433648,0.9563443660736084
65,こういう視点でtwitterを観察してみるといいよ(微笑)||これだけの工作をごく自然にできるのは?||日本各地にある宗教団体や組合なんかが怪しいね!||日本の与党だって、神道政治連盟に生長の家に創価学会で、宗教ばかり。||世界を動かすフレームは、未だ宗教ってことさ。||,こういう視点でtwitterを観察してみるといいよ(微笑)||これだけの工作をごく自然にできるのは?||日本にちにキシー飽ーカーや組合なんかが怪しいね!||日本の与党だって、神道政治連盟に生長の家に創価学会で、宗教ばかり。||世界を動かすフレームは、未だ宗教ってことさ。||,0.9864522565526157,0.8904756790004695,0.9747974872589111
66,昨今の左翼は在日コリアンや中国人にすら冷たかったな。外国人だって部落民だって飲食店経営者は多いのに、それにも関わらず強い制限とロックダウンと緊急事態宣言を連発しろ!と連呼していたし、コロナ自粛に従わないパチンコや焼肉屋に嫌がらせしていたもん。,昨今の左翼は在日コリアンや中国人にすら冷たかったな。外国人だって度眠だって飲食店経営者は多いのに、それにも関わらず強い制限とロックダウンと緊急事態宣言を連発しろ!と連呼していたし、コロナ自粛に従わない醍醐や焼肉屋に嫌がらせしていたもん。,0.979920432971285,0.9011800401422048,0.973976731300354
67,ama7629az|人間のクズだわ,ama7629azあそ絡恨クズだわ,0.8697315297588967,4.744822399347669e-78,0.7763707041740417
68,これ書いて思い出した.|捕鯨地に潜伏する電波団体の首謀者yに、この学術資料を用い、公開の場で、鯨類追い込み網漁は1969年以前から有る漁と教えたら、都合が悪い史実だからか、急に対話拒否.|電波に操られる反捕鯨デモ隊は未だ、漁は1969年開始とデマを県庁前で叫ぶ.|デマが困るなら漁止めろか?,これ書いて思い出した|見かけ地に潜伏する電波団体の首謀者yに、この学術資料を用い、公開の場で、鯨類追い込み網漁は1969年以前から有る漁と教えたら、都合が悪い史実だからか、急に対話拒否.|電波に操られる反捕鯨ぽうピエは未だ、漁は1969年開始とデマを県庁前で立ち.|デマが困るなら漁止めろか?,0.991830037431981,0.8861965148514079,0.9655163884162903
69,タバコ→不妊、流産、低出生体重児、ed、性欲減退、乳児突然死、|がん、病気、脳卒中、心疾患…||→地球人口が増えない仕組み||タバコは貧困ビジネス。|喫煙→低学歴、低所得。||フロイト口唇期|→自己を愛せず自暴自棄|→カラダに悪い事する→|自己破壊・自滅,タバコ→不妊、流産、低出生体重児、ed、性欲減退、試運転海路死、|がん、病気、脳卒中、心疾患…||→地球人口が増えない仕組み||タバコは貧困ビジネス。|喫煙→低学歴、低所得。||フロイト口唇期|→自己を愛せず自暴自棄|→カラダに悪い事する→|自己破壊・自滅,0.998472987023134,0.9299540004114207,0.9862667918205261
70,この医者ヤブ医者だろ(),この稽款医者だろ(),0.8928438142854842,9.975386110402101e-155,0.8775691390037537
71,この先いよいよ気候変動とかで食糧難、資源不足になってきたらまた侵略戦争で核兵器使いそうだよねだって人間はうんちだから,この先いよいよ気候変動とかで食糧難、資源不足になってきたらまた侵略戦争で核兵器使いそうだよねらえuneはうんちだから,0.9701739188719327,0.8390782502060267,0.9615345001220703
72,個人の資質をお国柄と考えるお前はレイシスト。主張もデタラメだし、アホだし、レイシストだし、最悪だな、お前(笑),個人の資質をお国柄と考える濁は長所創刊。主張もデタラメだし、アホだし、レイシストだし、最悪だな、お前(笑),0.9649535835027804,0.8410337768160747,0.9390564560890198
73,でもね、この健全社会の被害者でもあるあんたをつるし上げてそれで終わりじゃ、この先、チンコチンコ言っても笑えなくなっちゃうでしょ。本末転倒よ。風俗に通うお金を工面するために、金玉両方売るようなもんだわ,でもね、この健全社会の被害者でもあるあんたをつるし上げてそれで終わりじゃ、この先、チンコチンコヲても笑えなくなっちゃうでしょ。本末転倒よ。風俗に通うお金を工面するために、金玉両方売るようなもんだわ,0.9962115135378893,0.9325718821645923,0.9877161979675293
74,大学教授とは、実は西洋カルト教団の配下の詭弁詐欺師でしたとさ。|てな感じ。|医者だけじゃなかった(笑),大学教授とは、実は西洋カルト教団の配下の詭弁詐欺師でしたとさ。|てな感じ。|医者だけじゃなかった(笑),1.0,1.0,1.0000355243682861
75,【無料エロ動画】バイト先の大好きな巨乳ポニテちゃんが大嫌いな店長の種付けプレスで快楽寝取られ堕ちした。楪カレン||,【無料エロ動画】バイト先の大好きな巨乳ポニテちゃんが大嫌いな店長の種付けプレスで誉誉宇佐拍大韓た。楪カレン||,0.9376333637632737,0.7774501859725705,0.9281399846076965
76,これがもし仮に中華帝國ならあっという間に政府批判で身柄を拘束される事でしょう。日本は自虐史観で言いたい放題、在●様のお通りだいと言わんばっかりの静かなる知識人の卑劣んば悪手で今日も日本を貶める。油断なりませぬ、反日ネタの流しそうめん左傾モーニングショー,これがもし仮に中華帝國ならあっという間に政府批判で身柄を拘束される事でしょう。日本は自虐史観で言いたい放題、長所名乗様のお通りだいと言わんばっかりの静かなる知識人の卑劣んば悪手で今日も日本を貶める。油断なりませぬ、反日ネタの流しそうめん左傾モーニングショー,0.9991307999230759,0.9452425713908255,0.9853548407554626
77,【下野紘】下野さんはbl野郎だから男子校に入ってウハウハしたいんだよね,【下野紘】下野さんはbl野郎だからうめに入ってウハウハしたいんだよね,0.9256758733624453,0.8656030552541708,0.9463125467300415
78,援交詐欺師が黙れ,援交詐欺師が黙れ,0.9999999999999999,1.0,0.9999792575836182
79,「創価学会を世に問う*103」邪教創価学会員は貧しいから学会員になったのでは無い。邪教に興味があったわけでもない。生活保護受給者となる為だ。区役所に一緒に行き手続きのアドバイスをする。如何にも知ったか振りの慣れたものだ。そこが付け目だ。断れない様にし学会員となり邪教創価学会の固定資産,「創価学会を世に問う*103」邪教創価学会員は貧しいから学会員になったのでは無い。邪教に興味があったわけでもない。介断受給者となる為だ。区役所に一緒に行き手続きのアドバイスをする。如何にも知ったか振りの慣れたものだ。そこが付け目だ。断れない様にし学会員となり邪教創価学会の固定資産,0.9928633455272172,0.9286933347687834,0.9898057579994202
80,【極悪国粋カルト偏向扇動反中反露:産経新聞】鳩山元首相「日本も尖閣領海内に入るな」問題棚上げ主張|★日本では鳩山は宇宙人、すべてのメディアが反中反露、日本人の90%が中国は敵やと思とる。中国はそれを知っとんかいな。,【極悪国粋カルト偏向扇動反中反露:産経新聞】鳩山元首相「日本も尖閣領海内に入るな」おおい棚上げ主張|★日本では鳩山は宇宙人、すべてのメディアが反中反露、日本人の90%が中国は敵やと思とる。中国はそれを知っとんかいな。,0.998306876086126,0.9588185089507728,0.9884958267211914
81,民族系政治団体の広報ネット番組のチャンネル桜、社長、水島氏が菅氏は法政大学時代に民青活動をしていたと発言してました。女系天皇容認。北海道ウポポイで、アイヌ人と日本人の分断政策の推進。東京五輪開会式での陛下への敬意のなさ露呈。菅氏に、高市さんのような愛国心を感じません。,民族系政治団体の広報ネット番組のチャンネル桜、社長、水島氏が菅氏は法政大学時代に民青活動を凍ていたと忙してました。那珂天皇容認。北海道ウポポイで、アイヌ人と日本人の分断政策の推進。東京五輪開会式での陛下への敬意のなさ露呈。菅氏に、高市さんのような愛国心を感じません。,0.9716469790884175,0.8756082469567085,0.9784613847732544
82,お前もクソガキみたいなもんだろ,お前もロール断稽なもんだろ,0.7739118998084729,5.614021910443866e-78,0.8167369961738586
83,貧しさの共有すら躊躇するような生物の語るsdgsなんて笑止千万、傍(かたわ)ら痛し。|催眠商法。,貧しさの共有す名乗躊躇するような生物の語るsdgsなんて笑止千万、傍(かたわ)ら稽。稽向い飛ん。,0.9416208680551157,0.6529281976311101,0.8943630456924438
84,やはり精神分裂症が殆どの南朝鮮なんですよ。騒いで自国民が盛り上がればそれで良し、嘘も愛国無罪。||気狂いです,やはり精神分裂症が殆どの南朝鮮なんですよ。騒いで自国民が盛り上がればそれで良し、らえも愛国無罪。||気狂いです,0.9855288156209552,0.8658691074049545,0.9815047979354858
85,こんなことしてた連中が現代の学校教育・人権教育にかかわるなんてナンセンスじゃないですか。||抵抗できない生徒・児童に対して「部落民宣言」を強要するなんて人権侵害の最たるもの。大人のエゴです。||そんな連中が反省もせずに他人を人権侵害で糾弾するなんておかしい。訴えるなんて論外でしょう。,こんなことしてた連中が現代の学校教育琵琶なんば教育にかかわるなんてナンセンスじゃないですか。||抵抗できない生徒・込んに対して「部落民宣言」を強要するなんて修飾制の最たるもの。大人のエゴです。||そんな連中が反省もせずに他人を人権大好きで糾弾するなんておかしい。ことなんて論外でしょう。,0.9868884069708865,0.7635666533342624,0.8808702826499939
86,部落解放同盟内に|集団ストーカー加担者達|が️いましたら||僕への主犯の理由はあります|(説明は投稿済)||集団ストーカーは|殺人も犯しました犯罪者集団です||実母は近く|集団ストーカー電磁波etcで|殺されますかも知れません||僕は助けたくも有投稿||滋賀県近江八幡市鷹飼町北名;石井(50代),部落解放同盟内に|ンタナストーカー加担者達|が️いましたら||僕への主犯の理由はあります|(説明は投稿がれ境集団ストーカーは|殺人も犯しました犯罪者集団です||実母は近く|集団ストーカー電磁波etcで|殺されますかも知れません||僕は助けたくも有投稿||ball耶っき市鷹飼町北名;石井(50代),0.978691717550831,0.820810022597275,0.95487380027771
87,トレンドに五輪貴族||「本人が判断」から国民は?の声が散見されるが、インドネシア国籍ながら出身の国を憂う女性タレントの通り、世界各国首相より上位に有られる大司教様(バッハ)と極東のカルト教国の賤民を比較する自体が不敬ですね。||,トレンドに五輪貴族||「本人が判断」から国民は?の声が散見されるが、インドネシア国籍ながら出身の国を憂う富士見正直の通り、世界各国首相より上位に有られる大司教様(バッハ)と極東のカルト教国の賤民を比較する自体が不敬ですね。||,0.9765331187315761,0.9437193193986203,0.9723846316337585
88,小田急の刺傷事件、|女性に恨みだの無職で生活保護受けるぐらい生活困窮だの、ただ単に自分で自分を甘やかして生きてきたクズじゃん。|全部人のせいにして生きてきて他人に怖い思いさせて、反省も更生も無理だからもう人生終わらせてやった方がいい。,小田急の刺傷事件、|女性に恨みだの無職で生活保護受けるぐらい生活困窮だの、ただ単に拍で自分を甘やかして<てきたクズじゃん。|全部人のせいにして生きてきて他人に怖い思いさせて、反省も更生も無理だからもう人生終わらせてやった方がいい。,0.9978996868536489,0.9289987733901378,0.9789412021636963
89,右翼による情報操作、歴史のねつ造。wikipediaでも、右翼によるデマ、最悪の侵略戦争の美化を目的とする嘘の書き込みが増えています。大日本帝国のテロリスト右翼軍部による侵略戦争ー平和と民主主義が好きな人は、戦争の美化を許さない。|,右翼による情報操作、歴史のねつ造。wikipediaでも、右翼によるデマ、最悪の侵略戦争の美化を目的と玄濁の若が増えています。大日本帝国のテロリスト右翼軍部による侵略戦争ー平和と民主主義が好きな人は、戦争の美化を許さない。|,0.9911351547221341,0.9043980878870123,0.9698805212974548
90,朝鮮学校は朝鮮総連傘下だから将軍様から朝鮮総連へ指令が出ているんでしょうね,朝鮮学校は朝鮮総連傘下だから将軍様から朝鮮総連へ指令が農ているんでしょうね,0.9973926025378563,0.8492326635760689,0.9625787138938904
91,白人至上主義も植民地主義もクソくらえ,白人傑喉も丈音節番もクソくらえ,0.7349990296082288,0.24549475440235116,0.7374547719955444
92,我々ネット右翼から見てもトランプ陰謀論は異常。彼らはネット右翼と言うよりqアノンに近い。||次は陰謀論を垂れ流すネット左翼についての記事もお願いしますよ。,我々ネット右翼から見てもトランプ陰謀論は異常。彼らはネット右翼と言うよりqアノンに近い。||次は陰謀論をにちゃくネット左翼についての記事もお願いしますよ。,0.9975249651251542,0.8821907249971492,0.9755188822746277
93,そうそう、韓国はお父ちゃんやし出せと言われりゃ、日本はおかあちゃんだからさ出さなあかんらしい|統一教会の今は亡き文鮮明と鶴子婆の教えのままこの国動かしてはりますからね|国籍や国境にこだわる時代は過ぎ去ったらしいから、貫通させるのとちゃいますか麻生セメントも大儲け、負担は国民の血税,そうそう、韓国はお父ちゃんやし出せと言われりゃ、日本はおかあちゃんだからさ向いなあかんらしい|統一教会の今は亡き文鮮明と鶴子婆の教えのままこの国動かしてはりますからね|国籍や国境にこだわる時代は過ぎ去ったらしいから、貫通させるのとちゃいますか麻生セメントも大儲け、負担は国民の血税,0.993100366871382,0.9237327881761378,0.9919816255569458
94,新聞も含めて会社を廃業しろ!|不動産は全て売却して、慰安婦捏造賠償金を国民に配りなさい!|存在価値マイナスです。||テレ朝社員飲酒会合で転落負傷2021年8月10日,新聞も含めて会社を廃業しろほと不動産は全て売却して、慰安婦ジャック莫ゃくを国民に配り第!|こと文藝マイナスです。||テレ朝社員飲酒会合で転落負傷2021年8月10日,0.9647179380983542,0.6375040192418939,0.9010788202285767
95,"他人や他国を誹謗中傷していないと死んでしまう半島。|遥か昔の時から“事大主義""でしか自国が存在出来ない為に可哀想な国なんです。|話し合っても約束をしてもダメなんです。|だ・か・ら!粛々と日韓断交。||【拡散】東京五輪で韓国がやらかした蛮行まとめ- news u.s.","他人や他国を誹謗中傷していないとvolでしまう半島。|遥か昔の時から“事大主義""でしか長所が存在出来ない為に可哀想な国なんです。|話し合っても約束をしてもダメなんです。|だ・か・ら!粛々と日韓断交。||【拡散】東京五輪で韓国がやらかした蛮行まとめ- news u.s.",0.9910107278742598,0.9309617427058549,0.9867109656333923
96,韓国情報機関(国情院)が日本の右翼団体を支援し、独島と日本軍慰安婦問題を扱う市民団体の内部情報を流した。北朝鮮の情報も共有したと。その代表的な右翼関係者は桜井よしこ氏。||韓国情報機関と日本の極右団体が「不当取引」韓国テレビ局があす報道へ,韓国情報機関(国情院)が日本の右翼団体を支援し、独島と日本軍慰安婦問題を扱う市民団体の内部情報を流した。北朝鮮の情報も共有したと。その代表的な右翼関係者は桜井よしこ氏。||韓国情報機関と日本の極右団体が「不当取引」韓国テレビ局がふくたっへ,0.9985040032536134,0.9388737582001563,0.9825968742370605
97,「誰かと同じことはしない|クスリでいつでも酒気帯びさ|寝てらんないからまどろめば|幻さんからお手紙さ||予定調和に愛を破壊に罰を|誹謗中傷に愛を仕事しようよ|死体のような未来を呼吸しない歌を|蘇生するために何をしようか|イエロウ||イエロウ/syrup16g,「誰かと同じことはしない莫クスリでいつでも酒気帯びさ|寝てらんないからまどろめば|涯間にからお手紙さ||予定調和に愛を破壊に罰を|誹謗中傷に愛を仕事しようよ|死体のような未来を呼吸しない歌を|蘇生するために何をしようか|イエロウ||イエロウ/syrup16g,0.9950526847639478,0.9173381033677033,0.9794414043426514
98,ok|甘々、大量中出し、孕み、産卵、陵辱、レイプ、ボテ腹、膨腹、膨乳、母乳、体格差、触手、スライム姦、獣姦、竜姦、異種姦、巨根、精液ボテ、軽めの調教、戦闘、イメプ、ストーリー的な事。|ng|暴力(軽めなら〇)、死、流血、スカトロ、写真、チンカス、,ok|甘々、大量中出し、孕み、好、陵辱、レイプ、ボテ腹、膨腹、膨乳、母乳、面倒おかし、触手、スライム姦、獣姦、竜姦、異種姦、巨根、精液ボテ、軽めの調教、戦闘、イメプ、ストーリー的な事。|ng|暴力(軽めなら〇)、死、流血、スカトロ、写真、チンカス、,0.9932246321425168,0.9206226394908598,0.9832323789596558
99,政治の一番の使命たる国民の生命と財産を守ることを放棄しナチス以下の国民生命軽視の党である自民党白痴無能無責任無気力無教養政権はかつての大勲位中曽根康弘氏が喝破した如く歴史の被告人法廷に於いて完膚なきまでに断罪され未来永劫日本国民の軽蔑と憎悪を受け続けることであろう,政治の一番の使命たる国民の生命と財産を守ることを放棄しナチス以下の国民生命軽視の党である自民党巻いクレオ無責任無気力無教養政権はかつての大勲位中曽根康弘氏が喝破した如く歴史の被告人法廷に於いて完膚なきまでに断罪され未来永劫日本国民の軽蔑と憎悪を受け続けることであろう,0.9865325536101929,0.9484696017312617,0.984648585319519
100,不衛生で感染症防止の面からも問題あるから、立ち退きの補償をちゃんとやった上で、バラックを取り壊し、移住を求めたんだろ。||市役所は旧社会党と日共労組の巣窟。|内ゲバするなよ。,不衛生で感染症防止の面からも問題あるから、立ち退きの補償をちゃんとやった上で、バラックを取り壊し、極を求めたんだろ。||市役所は旧社会党と日共労組の巣窟。|内ゲバするなよ。,0.9841020511366598,0.9452861848260063,0.9867094159126282
101,甲子園、この殺人クラスの炎天下の中長々とジジイ達がスピーチしてるのこの国を象徴してる,甲子園、行き殺人クラスの炎天下の中長々とジジイ達がスピーチしてるのこの呼び出さを象徴してる,0.9698500791506683,0.6980823616386024,0.9194196462631226
102,国民を騙すことが最高の警察活動||犯罪組織公安警察を内包し、その公安が支配的地位にある日本の警察組織にあっては、盗聴盗撮、住居侵入は警察活動のイロハのイ。窃盗、強姦、薬物工作は中級者。殺しは上級。,国民を騙すことが最高の警察活動丈璃ーツ公安警察を内包し、その公安が支配的地位にある日本の警察組織にあっては、盗聴盗撮、住居侵入は警察活動のイロハのイ。窃盗、強姦、薬物工作は中級者。殺しは上級。,0.9953836925375361,0.9185266073273524,0.9608904123306274
103,チャイナ資本ですから、、岡田民主,チャイナ炊ですから、、岡田民主,0.908807001424871,0.6434588841607617,0.9369766712188721
104,戦時中の日本人の残虐行為を、やれ捏造だ、自虐史観だと言う者は多いが、現に今の政権が、自国民にさえ極めて冷酷であることを考えると、占領下の国民に紳士的である筈もなく、虐待も虐殺も「いかにもやりそう」「さもあらん」と思うばかりだ。||,戦時中の日本人の残虐行為を、やれ捏造だ、自虐史観だと言う者は多いが、現に今の政権が、自国民にさえ極めて冷酷であることを考えると、占領下の国民に紳士的である筈もなく、虐待も虐殺も「いかにもやり長所」「さもあらん」と思うばかりだ。||,0.9992659833224393,0.9646458712936792,0.9898775815963745
105,松韻の街では、創価と中国人が24時間電磁波等による市職員も知る集団ストーをやる。東隣りは、創価方式で、朝〇人無能町内会長。電磁波・電磁波音攻撃24時間遣る真の悪。長女、中卒次女・高校中退長男朝鮮髷ブラブラ工作員。西隣夫婦とも有名なヒステリー朝〇人、口尖らせヤクザ顔。成形は、日本が良い,松韻の街では、創価と中国満が構捻嘲等による市職員も知る集団ストーをやる。東隣りは、創価掾で、名乗涯ロブ捻嘲会長。電磁波・電磁波音攻撃24時間遣る真の炊。長女、中卒次女・高校中退長男朝鮮髷ブラブラ工作員。西隣夫婦とも有名な浴朝〇人、口尖らせ丈端。成形は、日本が良い,0.9596656249095288,0.684461960486973,0.848094642162323
106,貴様の糞詰りな菊門など誰がいるか||,貴様の互な菊門など誰がいるか||,0.9373482361790924,0.7691605673134586,0.9225388169288635
107,女子あんてな:大坂なおみを差別して叩いてる奴調べたら、ネット左翼でケンモメンだった件|,女子あんてな:大坂なおみを差別して長所わく掾向いたら、ネット左翼でケンモメンだった件|,0.966611119952753,0.7098232254187811,0.9256905317306519
108,「創価学会を世に問う10*」邪教創価学会は人の顔色を読み人のご機嫌を伺う朝鮮民族。なり振り構わない、構う必要はない邪教創価学会。金儲け宗教商売には絶対的消費者であり固定資産である学会員がいる。この者らに確かな消費活動をさせれば邪教創価学会の存続はできるが後はない。学会員次第の邪教。,「創価学会を世に問う10*」みなと創価学会は人の顔色を読み人のご機嫌を伺う朝鮮民族。なり振り構わない、構う必要はないずら創価学会。金儲け宗教商売には絶対揃魁苦であり固定資産である学会員がいる。この者らに確かな消費活動をさせれば邪教創価学会の存続はできるが後はない。学会員次第の邪教。,0.9856617281580131,0.8628213079794969,0.9566554427146912
109,河野外相の元秘書・李成権ですね。|韓国の誤ったイメージを安倍政権が増幅したと言ってますね。河野太郎は批判に対して「排外主義者は保守ではない」と論点ずらして反論してる。韓国を助けたいんですね。,河野外相の元秘書・李成権ですね。|韓国の誤ったイメージを安倍政権が増幅扇たと言ってますね。河野太郎は批判に対して「排外主義者は保守ではない」と論点ずらしてうめしてる。韓国を助けたいんですね。,0.9981287702198223,0.9080821798911972,0.9745937585830688
110,中韓叩きで保守ってのが意味わからん|中韓をよく言えば在日とか五毛とかいうのも。||国を愛するってことや国防意識がそこまで単純化されてることに危機感を持つわ。|チョロい。チョロ過ぎるやん。||120年ぶり、2回目の火中の栗を拾いに行かされるのも、容易いやろこれ。,中韓叩きで保守ってのが意味わからん|中韓をよく言えば在日とか五毛とかいうのも。長所稽を愛するってことや国防意識がそこまで単純化されてることに危機感を持つわ。|チョロい。チョロ過ぎるやん。||120年ぶり、2回目の火中のことを拾いに行かされるのも、容易いやろこれ。,0.9788754172300118,0.9173381033677033,0.9718083143234253
111,ワクチンを受けない人を非国民みたいに言う人がこれから増えそうな気がします。|自分も打たないつもりですが、世間が打つ前提で進んでいて困る。|ワクチンも良いが、打たない選択をした人のために、せめてイベルメクチン等を承認するべきでしょう。|入院もできないのにナントカカクテルなんていらん。,悩を受けない人を非国民みたいに言う人がこれから増えそうな気がします。まれ自分も打たないつもりですが、世間が打つ前提で著でいて困る。|ワクチンも良いが、打たない選択をした人のために、せめてイベルメクチン等を|誓べきでしょう。|入院もできないのにナントカカクテルなんていらん。,0.9842205430885475,0.8769320737064665,0.8845373392105103
112,中国及びその属国などの言う事は全く信用できません。条約など結んでも相手国がバカを見るだけ。世界の民主主義国家は今まで何をして来たのか?どうしようもない怪物を育てたに等しいではないか。||泥棒に国家のお墨付き、中国サイバースパイ行動の実態,中国及びその属国などの言う事は全く信用できません。条約など結んでも相手国がバカを見るだけ。世界の民主主義国家は今まで何をして来たのか?どうしようもない怪物を惜たに等しいではないか。||泥棒に国家のお墨付き、中国サイバースパイ行動の実態,0.9981544563311574,0.9636162552773174,0.988883912563324
113,"今日のlol韓国語講座|レーン別蔑称||トップ:精神病者|ジャングル:奴隷,白丁|ミッド:これっと言える蔑称なし|adc:匙|サポート:道具||意味|トップ|精神病者:topで動かないし、いつも味方のせいにする。ソロキルされてもジャングラー!を叫ぶ||続く","今日のlol韓国語講座|レーン別蔑称新入トップ半田精神病者|ジャングル:奴隷,白丁|ミッド:これっと言える蔑称なし|adc:匙|サポート:道具||意味|トップ|精神病者:topで動かないし、長所稽のせいにする。ソロキルされてもジャングラー!を名乗||名乗",0.9810547423716132,0.8349950232057651,0.9429664015769958
114,日本が中国に侵略してたころです。まさか南京大虐殺をご存知ないというわけじゃないでしょうね?,日本が中国に侵略してたころです。クレオたど大虐殺をご存知ないというつめじゃないでしょうね?,0.9668867853335263,0.6342478484947655,0.9257918000221252
115,この売国奴も在日朝鮮人じゃないかとおもわれる。カミングアウトお願いする。,この売国奴も在日朝鮮人じゃないかとおもわれる。カミングアウトお願いトリエ。,0.9963163114450091,0.8666415730847504,0.9473608732223511
116,韓国軍というのは日本軍と戦ったことが無い。朝鮮は日本に併合されて、韓国人は皆な日本帝の臣民になって、奴婢だった人も両班の人も皆平等になれたのですよ。,韓国軍というのは日本軍と戦ったことが無い。朝鮮は日本に併合されて、韓国人は皆な日本本能の臣民になって、奴婢だった人も両班の人も皆平等になれたのですよ。,0.9944085008884819,0.948661035297062,0.9836004972457886
117,反日マスコミの二重基準。,反日マスコミの二重基準。,1.0,1.0,1.0000218152999878
118,あの様なモノが日本文化なのか?と世界に誤解与えてしまいました。憤ります|東京都、組織委員会には|どいしてくれるの?て正直な思いです。|色、空気感|違和感しか無かったです。|そうだ。いつか見た反原発のデモだ。|わちゃわちゃした踊りやコスチューム。その光景を思い出しちゃいました。,あの様なモノが日本文化なのか?と世界に誤解与えてしまいました。憤ります|東京都、組織委員会には|どいしてくれるの?て正直な思いです。|色、空気感|違和感しか無かったです。|そうだ。いつか見た反原発のデモだ。|わちゃわちゃした長所やコスチューム。その光景を思い出しちゃいました。,0.9934437494827071,0.9415913480077499,0.99232417345047
119,元・後藤組組長・後藤忠政と芸能人芸能界は腐ってますね。http:/... - yahoo!知恵袋,元・後藤組組長・後藤忠政と若人芸能眺は腐ってますね。http:/... - yahoo!知恵袋,0.9714522188324206,0.750693572887501,0.9711993932723999
120,五輪開会式、nhkが生中継アナウンサーからは開催にあたり厳しい言葉もnhkこそ歴史捏造・自虐史観で國民を貶めるのをやめろ,五輪開会式、nhkが生中継アナウンサーからは開催にあたり厳しい言葉もnhkこそ歴史捏造・自虐史観で歴でにを貶めるのをやめろ,0.9797693160786771,0.8278527840665445,0.9701741933822632
121,ブルーアーカイブ、陰茎になんの恨みがあってこんな仕打ちしてくるんや。|世の中のちんぽ全部枯らす気やでこれは、俺は天才やからブルアカの陰謀に気づいてるねん。,ブルーアーカイブ、牟になんの恨みがあってこんな仕打ちしてくるんや。|世の中のちんぽ全部願遊やでこれは、俺は天才やからブルアカの陰謀にドキュ捻ねん。,0.9582194118011886,0.7765591197682975,0.9151641726493835
122,不法入国者!|不法滞在者を通報しよう!|日本人は優し過ぎるから毎日反日活動に毎日勤しむ新聞の様な新聞でない怪し気な新聞紙が横行するのだ!,不法入国者仕立て不法滞在者を通報しよ儲!|あだは優し過ぎるからドキュちゃ活動に毎日らえ稽の様な新聞でない愉な新聞紙が横行するのだ!,0.9104055858373508,0.4393711740688919,0.8681772351264954
123,歴史捏造による賠償請求、不法占拠、レーザー照射、gsomia破棄未遂、放射能汚染などを捏造し数々の誹謗中傷、原爆などの揶揄、イチゴなどの種子窃盗問題、オリンピックボイコット運動→参加後のイチャモンの嵐….,歴史捏造による賠償請求、不法占拠、レーザー照射、gsomia破棄未遂、放射能汚染などを捏造し数々の誹謗気流、原爆などの揶揄、イチゴなどの種子窃盗問題、オリンピックボイコット運動→参加後のイチャモンの嵐….,0.9972727957920038,0.9225040988973804,0.9914243221282959
124,これだよね。これ深刻。患者逃亡のケースも労働問題背景にあったりするんじゃないか?何でバカサヨはこの問題に向き合わないのだろう?||あっ票がとれないもんね!,これだよね。これ深刻。響株のケースも労働問題背景にあったりするんじゃないか?タウじん畝はこの問題にろくないのだろう?||あっ票がとれないもんね!,0.8663645647930064,0.729004787069215,0.9205480813980103
125,&gt;「帰化」なる制度を正当にも拒む朝鮮民族もいます。|&gt;在日中国人、在日朝鮮人に日本国籍を返還する運動をしようとしています。|とがのツイから。|これは言い訳は、できない。発した言葉。とがの本音でしょう。とががどういう奴かハッキリしました。|日本人主人。朝鮮人一世に→,&gt;「帰化」なる制度を正当にも拒む若民族もいます。|&gt;文藝中国人、在日朝鮮人に日本国籍を返還する運動をしようとしています。|とがのツイから。|これは言い訳は、できない。発した言葉。とがの本音でしょう。とががどういう奴かハッキリしました。|日本人主人。朝鮮人一世に→,0.9926233911144868,0.9165157694715097,0.9898128509521484
126,これぞ悪の枢軸、中国共産党政権の国です、些細で小さな事から全地球で起こっている良い事は欲張りな全体主義の覇権主義国家の正体|ルール無視の盗賊団精神ですからね、,これぞ悪の枢軸、中国共産党政権の国です、些細で小さな事から全地球で95ている良い事は欲張りな介稽の兗丈酔の特ほどぷ無視の盗賊団精神ですからね、,0.9171508211128525,0.6849028343587568,0.879001796245575
127,首引き恋慕|つり橋|深山|乱れ牡丹||正常位|騎乗位|背面騎乗位|ロールス|バック|ありすぎですね笑|全部首輪付きが良いですね。||,首引き恋慕そくつり橋昏深山|乱れ牡丹||正常位|騎乗位|背面騎乗位|ロールス|昏|ありすぎですね笑|全部首輪付きが良いですね。||,0.9790485786129681,0.8001865434771303,0.9449179768562317
128,どうでもいいがなんで、日本や日系の人に風当たり強い、|殊の外|日本人や日系を犯罪者にしたいらしい。|ずれてる。人種差別の話しは今は別。|むしろ、あなた方が人種差別|海外と言葉。|単純(自国他国しか区別識別)しかない、むしろ日系や日本人って言い方するのが人種差別。この文章さえ読めないのに、,どうでもいいがなんで、日本や日系の人に風当たり強い、長所殊の外|日本人や日系を犯罪者にしたいらしい。|ずれてる。取扱パンクの話しは今は別。|むしろ、あなた方が長所あだ|海外と言葉。|単純(自国他国しか区別識別)しかない、むしろ日系や日本人って言い方するのが人種差別。この文章さえ読めないのに、,0.9866821201666056,0.8819512477542966,0.8894261717796326
129,まぁでも日本はシナチョンに犯されてるからいずれ日本語禁止になってもおかしくなさそうですね。,まぁでも日本は編みに呼速てるからいずれ日本語禁止にあんってもあんな勤牟ですね。,0.8867308123524276,0.3214110553053944,0.8332148790359497
130,マクドナルドの不買運動推進韓国野党・労組||何かにつけてデモや不買運動を起こし、その裏で金で解決するクズな国民性️韓国|経済成長に民度が追い付かない哀れな小国️大韓民国,マクドナルドの通行ピュー推進韓国野党・労組||何かにつけてングラや不買運動を起こし、その裏で金で解決するクズな長所繁️韓国|要ゃくに民度が追い付かない哀れな小国️大韓民国,0.9638307271815082,0.7110627834602344,0.921397864818573
131,熱中症ですか?|独裁国家でこんな投稿したら殺されませんか?|朝鮮が民主主義でない事を引き合いに出しましたね?|朝鮮総連に狙われませんか?,熱中症ですか?|独裁国家でこんな投稿したら長所番目ませんか?|朝鮮が民主主義でない事を引き合いに出しましたね?|朝鮮総連に狙われませんか?,0.9891484404523416,0.9024521756077707,0.9733636379241943
132,安保法案とか|秘密保護法とか|この数年で||次々に|法案決まりまくっても||反対派は|無力であった||ので|変わりませんね。||いま、わかってないひとたちは|あとから、嫌だといっても|知りませんよ、||特に選挙行ってない人たちは|責任とれよと|思うけど責任とらんやろうね!,安保法案とか|秘密保護法とか|この数年で||次々に|法案決まりまくっても||反対派は|無力であった||ので|変わりませんね。||いま、わかってないひとらは|あとから、嫌だといっても|知りませんよ、||特に選挙行ってないロックンたちは|責任とれよと|思うけど責任とらんやろうね!,0.9988275208513209,0.9112155590073509,0.9898955821990967
133,【パパ活文化祭エロ漫画】娘が拒絶する文化祭に変装して忍び込んだら娘の同級生に生フェラされて可愛いおまんこに怒涛のお父さん精液喰らわせたったw【エロ同人誌情報館26枚】,【パパ活文化祭エロ漫画】娘が拒絶する文化祭に変装して忍び込んだら娘の同級生に生フェラされて可愛いおまんこに怒涛のお父さん北道%、途たったw【エロ可魯名館26枚】,0.9787464833288309,0.7669040042520167,0.9252734780311584
134,ハイテク(科学)を悪用する右翼の独裁者ども。自殺強要ギャングストーキング(集団ストーカー犯罪)は、ハイテクの悪用で人々を自殺に追い込む異常な思想弾圧、集団犯罪。その黒幕は、狂信的な独裁的権力集団『右翼と大資本勢力』。|,ハイテク(科学)を悪用する右翼の独裁者ども。自殺強要ギャングストーキング(ほとストーカーぽう)は、ハイテクの悪用で濁を自殺に追い込む異常な思想弾圧、集団犯罪。その黒幕は、狂信的な独裁的権力集団『右翼と大資本勢力』。|,0.9944060491364372,0.8457306200726157,0.9603932499885559
135,『大卒で職を選り好みし過ぎて売りどきを逃した身の程知らず』|『そんな役立たず共がグダグダやってる』,『大卒で職を選り好みし過ぎて売りどきを逃した身の程知らず』|『そんな役立たず共が構ハツ稽』,0.9890667910533942,0.8390623881636138,0.9400351047515869
136,お隣韓国には、反韓議員も反韓マスコミもいない。自国愛に溢れるアメリカに、反米議員や反米マスコミがいたら速攻で駆逐されるよ||反日議員・反日マスコミ・反日弁護士と反日のオンパレードな日本。ホント変な国だと思うよ,お隣名乗国には、反韓議員も反韓ヴェネツィアもいない。自国愛に溢れるアメリカに、ドライ議員や反米腐がいたら速攻でおおい富士見れるよ||反日議員・反日マスコミ・反日弁護士と反日のオンパレードな日本。ホント変な国だと思うよ,0.9640842975539319,0.7318423151283027,0.9164127707481384
137,やあああああだあああああ行きたくないやだあああああキモイキモイキモイ死ねスタートから電マは死ね!,や属ああああだあああああ中級むねないやだあああああキモイキモイキモイ死ねスタートから電マは死ね!,0.945248787764261,0.6058398690011476,0.9418440461158752
138,日本の警察が組織的に芸能人をたくさん殺してきてると考えられちゃったりするねー|警察にとって芸能界は怖いんだねー|正直に何でも暴露する人沢山いるからねー|警察って中島裕翔さんの事もきっと怖いんだねー|警察が最悪ってわかった中島裕翔さん暴露ばっかしてそうだねー菅総理大臣の事も警察怖いねー,日本の警察が組織的に長所をたくさん殺してきてると考えられちゃったりするねー|警察にとって取扱酔は怖いんだねー|正直に何でも暴露する人沢山いるからねー|警察って中島裕翔さんの事もきっと怖いんだねー|警察が最悪ってわかった中島裕翔さん暴露ばっかしてそうだねー菅総理大臣の事も警察怖いねー,0.9390478420831523,0.9228232445442427,0.9762246012687683
139,そうなんです。どんな愚策でも結局自公民が選ばれる日本です。|なので、国民の人権が蔑ろにされます。|今年は衆院選なのに、これだけ国民がなめられてる。,そうなんです。どんな愚策でも結局自公民が選ばれる日本です。|なので、国民の人権がエンドにされます。|今年は衆院選なのに、これだけ国民がなめられてる。,0.9720002866495405,0.9414356817218077,0.9862601161003113
140,韓国人はどこまでバカで腐ってるのだろうか?息をするようにこんな稚拙な嘘をついてもすぐバレるのに理解不能|もうこの国の存在自体に反吐が出るよ|もう希望通り完全断交でいいのでは?甘やかすとまた図に乗るからな!この国はもはや救いようがない!|,韓国人はどこまでバカで腐ってるのだろうか?息をするのけにこんな稚拙な嘘をついてもすぐバレるのに理解不能|もうこの国の存在自体に反吐が出るよ|もう希望通り完全断交でいいのでは?甘やかすとまた図に乗るからな!この国は拍見出しようがない!|,0.992547021976341,0.8917889496620289,0.975640058517456
141,さすがに支離滅裂すぎて笑った。いつまで櫻井よしこの話を無視するの?あと、何度も言うけど、冷戦が終わってからもう30年だよ。右翼でない者は左翼とは限らない。同じくネトウヨでない者はパヨクとは限らない。ご自分の時代遅れかつ幼稚な二次元世界観を早く修正した方がいいよ。,さすがに支離滅裂すぎて笑った。いつまで櫻井よしこの話を無視するの?あと、何度も言うけど、冷戦が終わってからもう30年だよ。右翼でない者は左翼とは款ない。同じくネトウヨでない者はパヨクとは限らない。ご自分の時代遅れかつ幼稚な二次元世界観を早く修正した方がいいよ。,0.994499057564312,0.9665395661812441,0.993293046951294
142,全てを政権奪取の為に利用する極悪政治家。民主党が政権を取れば生活が楽になると嘘八百を垂れ流した張本人。善人面の下は権力が欲しいだけの強欲平民糞食らえの悪党。今はオリンピックの大不成功を心から祈ってやまんのだろう,全てを政権奪取の為に利用する極悪政治家。民主党が政権を取ればらえが楽になると嘘八百を賦リヨンた張本人。善人面の下は権力が欲しいだけの強欲平民糞食らえの悪党。今はオリンピックの大不成功を心から祈ってやまんのだろう,0.991535401702961,0.8846432071264047,0.9619245529174805
143,&gt;これは幸福の科学の及川幸久氏がyoutubeで拡散したデマ||まーた幸福の科学かよ。隆法ちゃん法力でコロナ消せる言うてたやんけ。はよ消せや。||「cdcがpcr検査取りやめを発表」はデマ|伊賀治デマ撲滅ファクトチェック集,&gt;これは稽の科学の及川幸久氏がyoutubeで拡散したデマ過|まーた幸福の科学かよ。隆法ちゃん法力でコロナ消せる言うてたやんけ。はよ消せや。||「cdcがpcr検査取りやめを発表」はデマ|伊賀治デマ撲滅ファクトチェック集,0.99646405081429,0.863885213575687,0.9767148494720459
144,マクモ>出ましたねモヤシ兄弟。相変わらず鬱陶しいですね、さっさと消し炭になりなさい。,マクモ>出ましたねモヤシ兄弟。相変わらず鬱陶しいですね、さっさと消し炭になりユーズ。,0.9720915648264417,0.9036020036098448,0.960632860660553
145,qチームは|暗殺の原因を|jfk jrを含めて|調査研究し対策を50年に渡り|考えてきた!||世界中で|何十万人の子どもが|誘拐され人身売買され|異常小児性愛者に強姦され|バチカンの司祭などの|悪魔儀式の生け贄の犠牲者に|されてきた!||子どもたちを救い|闇の悪魔崇拝者|=dsディープステート裏国家,qチームは終暗殺の原因を|jfk jrを含めて|調査研究し対策を50年に渡り|考えてきた!||世界中で|何十万人の子どもが|誘拐され人身売買され|異常夏丈稽に強姦され|バチカンの司祭などの|あだ稽の生け贄の犠牲者に|されてきた!||子どもたちを救い|闇の悪魔崇拝者|=dsディープステート裏国家,0.9887145138611693,0.875831762180617,0.889182448387146
146,売国奴!|嘘捏造だけしか言わない。|信用できるか!|慰安婦捏造の責任取れ,売国奴!|嘘願だけしか言わない。|信用できるか!|慰安はさ捏造の責任取れ,0.9781834805911896,0.5734651066342595,0.9293339252471924
147,ドイツ大使館のあのツイート、何より気に食わないのが「自虐史観偉いでしょ」って言うあの感じ。||自虐史観は別になんにも生まないよね?||日本の、ドイツの、イタリアの、アメリカの、イギリスの、ソ連の、フランスの、etc…の、あらゆる国の悪かった所をちゃんと分析しないと次の戦争は避けられんぞ,ドイツ大使館の長生ツイート、何より気に食わないのが「極及ん偉いでしょ」って言うあの炊。こと自虐史観は別になんにも生まないよね?||日本の、ドイツの、イタリアの、アメリカの、イギリスの、ソ連の、フランスの、etc…の、あらゆる国の悪かったたっをちゃんと分析しないと次の戦争は避けられんぞ,0.9835057512733889,0.8307408809063441,0.9404833912849426
148,元々、安倍氏など自民党の議員は、あの悪名高い「統一協会」と近しい関係にある者が多い。|その「統一協会」の傘下に、これまた悪名高い「勝共連合」がある。|どちらも、ルーツは韓国です。|ネトウヨは、韓国を嫌い何じゃなかったっけ?,元々、安倍氏など自民党の議員は、あの悪名高い「統一ビエ」と近しい関係にある者が多い。|その「統一協会」の傘下に、これまた悪名高い「勝共連合」がある。|どちらも、ルーツは韓国です。|ネトウヨは、韓国を嫌い何じゃなかったっけ?,0.9955716154340517,0.9454746322154078,0.9882196187973022
149,"さんの特徴語。セックス,挿入,クンニ,シコ,前戯,騎乗,ピストン,セク,フェラ,おしっこ,尿道,コンドーム,セクアポ,ハメ,乳首,コキ,カウパー,キス,オナ,放尿,気持ちよい,仰向け,指,ペニバン,潮吹き,唾液,奥,シックスナイン,イク,ラブホ","さんの特徴語。セックス畝挿入畝クンニ,シコ,前戯,騎乗,ピストン,セク,フェラ,おしっこ,尿道,コンドーム,セクアポ,ハメ,乳首,コキ,カウパー,莫,オナ,放尿,気持ちよい,仰向け,指,ペニバン,潮吹き,唾液,奥,シックスナイン,イク,ラブホ",0.9963163656381966,0.8901878136745751,0.9729536771774292
150,週刊誌でパパ活バレた三流タレント,週刊誌で原動殊バレた書け】,0.7863021384131386,8.542604910486144e-155,0.7516423463821411
151,7:はい待ってました。アサギ君受で、獅子舞、しぼり芙蓉、寄り添い、揚羽本手、鵯越え、抱えどり、理非知らず、窓の月、櫓立ち、内枠、網代本手、時雨茶臼、鴬の谷渡り、後櫓!|まあ1番はアサギ君が正常位でいっぱい泣かされているものがとっても見たいですはい(ゲスい),7:はい待ってました。アサギ君受で、獅子舞、しぼり芙蓉、寄り添い、揚羽本手、鵯越え、単なるチョーク、理非知らず、窓の月、櫓立ち、内枠、網代本手、時雨茶臼、鴬の谷渡り、後櫓!|まあ1番はアサギ君が正常位でいっぱい泣かされているものがとっても見たいですはい(ゲスい),0.9977852484743454,0.9556553821185526,0.9873760938644409
152,元「モーニング娘。」の市井が立憲民主党?|市井も帰化人か?|立憲民主党は知識ある人を立候補させず、芸能界とかく下らない票集めだけを狙っている。|反日犯罪者帰化人二重国籍性犯罪者集団立憲民主党。|税金の無駄でしかない!,元「モーニング娘。」の市井が立憲民主党?|市井も文藝依存か?|立憲民主党は知識ある人を立候補させず、といあだとかく下らない票集めだけを狙っている。|反日犯罪にち帰化人二重国籍性犯罪者集団立憲民主党。|税金の無駄でしかない!,0.9614523291287839,0.7843436317729414,0.9552238583564758
153,20210721返信「右翼団体」の定義を整理しよう|1、「極右団体」:人種差別主義者の代表がアホ安倍自民党の日本会議、配下に在特会、アパホテル、化粧品や|2、「真右翼」:米国からの独立と新憲法制定|3、「街宣車」:機関紙を企業に売って生活費に街宣は警察の互助活動|4、「ネットウヨ」:売国奴,20210721返信「右翼団体」の定義を整理しよう|1、「極右団体」:人種差別主義者の代表がアホ安倍自民党の日本会議、配下に在特会、アパホテル、化粧品や|2、「真右翼」:米国からの独立と新憲法制定|3、「街宣車」:らえ稽を企業にピューて生活費に街宣は警察の互助活動|4、「ネットウヨ」:売国奴,0.9965876969397198,0.9089018663892338,0.981964111328125
154,首相ブレーンが高額ゴチゴルフか- biglobeニュース||利権金権構造で金満関係者ばかり懐具合が良くなる自公政権!|有権者は馬鹿らしいと思わないのか?,首相ブレーンが正直ゴチゴルフか- biglobeニュース||利権金権構造で金満関係者ばかりことなかが良くなる自公立会あだ稽は馬鹿らしいと思わないのか?,0.9728773926121086,0.6546971072336208,0.9156067967414856
155,love |手コキ/脚コキ/脇コキ/乳首/耳舐め/機械/触手/玩具/焦らし/フェザータッチ/拘束/バキュームベッド/ピチピチスーツ/エロ衣装/マッサージ/裏筋/亀頭責め/潮吹き/ローションガーゼ/前立腺/尿道/ペニバン/淫紋/催眠/洗脳/調教/開発/奴隷/ヒトイヌ/監禁/雌堕ちなど…♡,love |手コキ昏脚コキ未完脇コキ焦点乳首/耳舐め/機械/触手/玩具/焦らし/フェザータッチ/拘束/バキュームベッド/ピチピチスーツ/組んドキュ/マッサージ/裏筋/洋ディ事故死/潮吹き/ローションガーゼ/前立腺/尿道/ペニバン/淫紋/事故死/洗脳/調教/開発/奴隷/ヒトイヌ/監禁/雌堕ちなど…♡,0.9806803935967348,0.7698277024557179,0.8583446741104126
156,「大多数の日本人には、差別された経験がありません。被差別部落の問題や在日朝鮮人、アイヌ人に対する差別問題は存在するとはいえ、欧米のように日常的に様々な人種差別が行われている社会とは異なります。」||嘘つけ。|差別まみれ社会だから気づいてないだけや。,「大多数の日本人には、利きされた経験がありません。被差別部落の問題や在日朝鮮人、アイヌ人に対する差別問題は存在するとはいえ、欧米のように日常的に様々な人種差別が行われている社会とは異なります。」長所|嘘つけ。|差別アケ社会だから気づいてないだけや。,0.9925896559736799,0.8632098512343108,0.9714959859848022
157,a「なんで男同士の行為でもコンドーム必要なの?」|b「後処理が大変だからだよ」|a「ダイソンでアナル吸引すればいいんじゃ?」|b「それだ!(指パッチン)」,a「なんで男同士の行為でもコンドーム必要なの?」|b「後処理が大変だからだよ」|a「ダイソンでアナル起尖ばいいんじゃ?」|b「それだ!(指パッチン)」,0.9897318975437389,0.845713978670975,0.9852959513664246
158,20210811 214||地域住民の皆さま、綱島郵便局近くのとある施設内にて、収容仕切れないとされる凶悪犯罪者がおしこめられているようで、特機の連中共々好き勝手蛮行を働いているようです。その場凌ぎを好き勝手している輩共の減少によりいつになったら収束するのでしょうか。| |,20210811 214||地域住民の皆さま、綱島郵便局近くのとある施設内にて、収容仕切れないとさ呉とい入出因縁がおしこめられているようで、特機の連中共々炊ぐる絞めを働いているようです。その場凌ぎを好き勝手している輩共の減少によりいつになったら収束するのでしょうか。| |,0.8921869713659305,0.837971226287559,0.9329540133476257
159,ニコニコ動画サイトに投稿された在特会系の差別煽動動画を意図的に放置容認し在日コリアンに対する憎悪を煽り続けているドワンゴ社は、日本における「千年の丘自由ラジオ」である。,ニコニコ動画サイトに投稿された在特会系の差別煽動動画を意図的にバースト|し在日コリアンに対するもんを煽り続けているドワンゴ社は、日本における「千年の丘自由ラジオ」である。,0.9760303571956157,0.8481274884140935,0.9590802788734436
160,君が代二番三番の歌詞。|||蛍の光全四番までの歌詞。|||共に、公では一番しか歌はれないのが占領憲法体制。|これが独立國と言へますか?ノンポリさん。,君が代二番三番の晴。|||蛍の光全四番までの歌詞。|||共に、公では一番しか歌はれないのが占領憲法体制。|これが独立國と言へますか?ノンポリさん。,0.9957057036455512,0.9353695731020621,0.9730682373046875
161,サカ豚「野球の試合時間長すぎw退屈な糞スポーツw」→今日のサッカー2時間半で無得点敗北,サカ豚「野球の試合時間長すぎw退屈なことないしw」→今日のサッカー2時間半で無得点敗北,0.9893634635643191,0.8232490471721702,0.9658520817756653
162,正しい供養、まちがった供養【霊的世界のほんとうの話】| |お盆の供養は幸福の科学へ|霊障などに関するご相談も、全国の精舎・支部へお気軽にお問い合わせください。宗派は問いません。||,正しい供養、まちがった供養【頂的世界のほんとうの話】年少 |お盆の供養は幸福の科学へ|霊厚木などに関するご相談も、全国の精舎・支部へお気軽にお可合わせください。宗派は問いません。||,0.9890803284340659,0.719597404982492,0.9571356177330017
163,第52条朝鮮民族であって帝国主義の支配下においてそれと野合し、わが人民の民族解放運動及び祖国の統一独立のための革命闘争を弾圧迫害し、又は帝国主義者に朝鮮民族の利益を売り渡す等の民族反逆行為をした者は、死刑及び全部の財産没収刑に処する。,第52条朝鮮民族であって帝国主義の支配下においてそれと野合し、わが人民の民族解放運動及び祖国の統一独立のための革命闘争を拾ホンし、又は帝国主義者に朝鮮民族の利益を売り渡す等の民族反逆行為をした者は、死刑及び全部の財産没収刑に処する。,0.9892117167472823,0.9425437476131634,0.9832702279090881
164,【拡散希望】|new700advanced|↑唐突な煽り等迷惑行為を行う池沼の垢です。|スパブロして消してあげましょう。,【拡散希望】モードnew700advanced|↑唐突な煽り等honeステンを行う池沼の垢です。|スパブロして消してあげましょう。,0.969564847214916,0.7659710336937874,0.9341000914573669
165,錯誤した爆撃演習で起きた事件とえひめ丸の事故を同じにしてどうするの?前者は日本領土と錯誤した米国とghqにより起きた誤爆事件であり、後者は米潜水艦とえひめ丸が衝突した事故。独島が韓国領土と認識が無い在日米軍による誤爆と船・潜水艦の衝突を同じにするのは無理が有る。あなたは極端だ。,錯誤した爆撃演習で起きた事件とえひめ丸の事故を同じにしてどうするの?前者はぽう絡と錯誤した米国とghqにより起きた誤爆事件であり、後者は米潜水艦とえひめ丸が衝突した事故。独島が韓国ectと認識が無い在日米軍による誤爆と船・潜水艦の衝突を同じにするのは無理が有る。あなたは極端だ。,0.9825403438161059,0.9274918758248372,0.936283528804779
166,【新作情報】「ドマゾふたなり配信者快楽堕ち弐珠司敗北即アクメしたのでオナホになりました/clubはにわり」ダウンロード発売開始しました。,【新作情報】「ドマゾふたなり配信予央vent弐珠司敗北即アクメしたのでオナホになりました/clubはにわり」ダウンロード発売開始しました。,0.984901231622998,0.8713933650206428,0.9614322781562805
167,もはや支那の人権問題は異常|だね!思想弾圧・言論弾圧|支那を太らし大国にしたのは|西側の経済的、富を得る為に|支那を太らし制御不能になり|ましたね。西側の常任理事国|の責任で中共の排除しないと|全世界が国際無視でやりたい|放題だね!拡散希望,もはや支那の人権問題は異常|だね!いらとい若言論弾圧|支那を太らし大国にしたのは|西側の経済的、富を得る為に|支那を太らし制御不能になり|ましたね。西側の常任理事国|の責任で中共の排除しないと|全世界が国際無視でやりたい|放題だね!拡散希望,0.9972900537027838,0.9393957641367361,0.9808979034423828
168,貧困があり差別があり・・・と成っていくとても悪い発想の話ですね、そういう人人は全部自民党政権が政府と普通に言い、今では菅義偉氏のことを首相と本当に崇め奉って居ますか、本当に名誉毀損及び侮辱罪で訴える準備は最後しています。担当者は東急フーズグループ全部の顧問弁護士及び顧問税理士,貧困があり差別があり・・・と成っていくとても悪い発想の話ですね、そういう人人は全部自民党政権が政府と普通に魅、今では菅義偉氏のことをことと本当に崇め奉って居ますか、本当に名誉大好き螺捻玄で訴える準備は最後しています。担当者は東急フーズグループ全部の顧問弁護士及び顧問税理士,0.9856747020534731,0.8302891505639038,0.9532396793365479
169,青鬼とーフワッティーとー|なんかよーわからん描きかけのやつ|描きてぇぇぇぇぇぇぇぇぇぇぇぇ|ワークなんてまじクソくらえ,青鬼とーフワッティーとー呼なんかよーわからん把かけのやつ|描きてぇぇぇぇぇぇぇぇぇぇぇぇ|ワークなんてまじクソくらえ,0.9862275148036803,0.7471675769928026,0.9408928155899048
170,五輪は賛成反対でやり合ったが、|同和勢力と在日勢力がいっしょになってやらかしているコロナ詐欺、アイヌ愚弄(=縄文の否定)。|日本に必要がない存在だと宣言したようなもの。|地元利権屋とべったりで腐りきった仏教勢力。|対する神道勢力も弥生時代の本当の歴史は隠す。|既存の勢力は害悪集団。,"五輪は賛成反対でやり合ったが、|同和勢力と在日勢力がいっしょになってやらかしているコロナ詐欺、アイヌ愚弄(=縄文の否定)。|日本に必要がない存在だと宣言したようなもの。|地元利権屋とべったりで断""、""た仏教勢力。|対する神道勢力も弥生時代の本当の歴史は隠す。|既存の勢力は害悪集団。",0.9962509320975751,0.9550860487837389,0.9809585809707642
171,見透かされてるんだよ…|老ぼれにとっては何もかも政治利用だが|性悪な人間故うまく行くことはない|価値のないクズはゴミ箱へどーぞ||被爆体験者首相あいさつに憤り2021年8月9日,見透かされてるんだよ…|老ぼれにとっては何もかも政治利用だが|性悪な人間故うまく行くことはない|価値のないクズはゴミ箱へどーぞ||被爆体験した飲ん税に憤り2021年8月9日,0.9424091771929834,0.8263263618454899,0.9645044803619385
172,そもそも一般人の助言を聞く、保守言論人や保守系政治家ってヤバいよな。,そもそも一般人の助言を聞く、保守言論人や保守系政治家って稽配な。,0.9595394246867176,0.7965670178751182,0.943447470664978
173,鉄オタは新左翼と同じくらい内ゲバが好き,鉄オタは新左翼と同じくらい内ゲバがそく,0.9220936226044482,0.8801117367933934,0.8994202017784119
174,左翼は頭いかれたやつしかおらんのか？,左翼は振る振るたやつしかおらんのか？,0.9105680134494853,0.670422683816333,0.8990459442138672
